frame,timestamp,hand_idx,landmark_idx,x,y,z,x_rel,y_rel,z_rel
60,1776361250.4593,0,0,0.233599,0.758545,0.000000,0.000000,0.000000,0.000000
60,1776361250.4593,0,1,0.246386,0.658389,0.015902,0.012788,-0.100156,0.015902
60,1776361250.4593,0,2,0.279620,0.585991,0.005793,0.046021,-0.172554,0.005793
60,1776361250.4593,0,3,0.315080,0.539757,-0.006352,0.081481,-0.218788,-0.006352
60,1776361250.4593,0,4,0.340587,0.518162,-0.015941,0.106988,-0.240383,-0.015941
60,1776361250.4593,0,5,0.326462,0.572475,-0.040917,0.092863,-0.186069,-0.040917
60,1776361250.4593,0,6,0.399224,0.554395,-0.043373,0.165625,-0.204150,-0.043373
60,1776361250.4593,0,7,0.394889,0.574741,-0.024041,0.161291,-0.183803,-0.024041
60,1776361250.4593,0,8,0.373270,0.586552,-0.009251,0.139671,-0.171993,-0.009251
60,1776361250.4593,0,9,0.340705,0.627845,-0.054559,0.107106,-0.130700,-0.054559
60,1776361250.4593,0,10,0.414923,0.622998,-0.058135,0.181324,-0.135546,-0.058135
60,1776361250.4593,0,11,0.393354,0.643754,-0.028437,0.159756,-0.114791,-0.028437
60,1776361250.4593,0,12,0.361372,0.648831,-0.004264,0.127773,-0.109713,-0.004264
60,1776361250.4593,0,13,0.348449,0.688642,-0.063020,0.114850,-0.069903,-0.063020
60,1776361250.4593,0,14,0.412070,0.682968,-0.058760,0.178471,-0.075576,-0.058760
60,1776361250.4593,0,15,0.389185,0.696281,-0.024012,0.155586,-0.062264,-0.024012
60,1776361250.4593,0,16,0.360044,0.698170,0.000567,0.126446,-0.060375,0.000567
60,1776361250.4593,0,17,0.351443,0.749066,-0.070692,0.117845,-0.009479,-0.070692
60,1776361250.4593,0,18,0.396529,0.741404,-0.058892,0.162930,-0.017140,-0.058892
60,1776361250.4593,0,19,0.374958,0.746827,-0.033386,0.141359,-0.011717,-0.033386
60,1776361250.4593,0,20,0.350242,0.745589,-0.013571,0.116643,-0.012955,-0.013571
65,1776361252.5141,0,0,0.215312,0.686099,0.000000,0.000000,0.000000,0.000000
65,1776361252.5141,0,1,0.230900,0.588436,0.013609,0.015588,-0.097663,0.013609
65,1776361252.5141,0,2,0.266409,0.487310,0.000240,0.051097,-0.198789,0.000240
65,1776361252.5141,0,3,0.285789,0.408064,-0.014974,0.070477,-0.278035,-0.014974
65,1776361252.5141,0,4,0.273188,0.342664,-0.027109,0.057876,-0.343435,-0.027109
65,1776361252.5141,0,5,0.299349,0.485501,-0.041815,0.084037,-0.200598,-0.041815
65,1776361252.5141,0,6,0.382359,0.499381,-0.043235,0.167047,-0.186717,-0.043235
65,1776361252.5141,0,7,0.363010,0.525846,-0.028852,0.147698,-0.160253,-0.028852
65,1776361252.5141,0,8,0.333184,0.525026,-0.021099,0.117872,-0.161073,-0.021099
65,1776361252.5141,0,9,0.310290,0.543557,-0.059050,0.094978,-0.142542,-0.059050
65,1776361252.5141,0,10,0.388077,0.560589,-0.056498,0.172765,-0.125509,-0.056498
65,1776361252.5141,0,11,0.362557,0.579746,-0.033823,0.147245,-0.106353,-0.033823
65,1776361252.5141,0,12,0.330987,0.577431,-0.021816,0.115675,-0.108668,-0.021816
65,1776361252.5141,0,13,0.317999,0.607905,-0.070180,0.102687,-0.078193,-0.070180
65,1776361252.5141,0,14,0.380162,0.616726,-0.056775,0.164850,-0.069373,-0.056775
65,1776361252.5141,0,15,0.358304,0.631967,-0.026254,0.142991,-0.054132,-0.026254
65,1776361252.5141,0,16,0.330755,0.625968,-0.011238,0.115443,-0.060131,-0.011238
65,1776361252.5141,0,17,0.323499,0.670031,-0.081540,0.108186,-0.016068,-0.081540
65,1776361252.5141,0,18,0.371409,0.669262,-0.061529,0.156097,-0.016837,-0.061529
65,1776361252.5141,0,19,0.348840,0.680545,-0.037091,0.133528,-0.005554,-0.037091
65,1776361252.5141,0,20,0.324840,0.678064,-0.023283,0.109528,-0.008034,-0.023283
70,1776361253.4719,0,0,0.201498,0.694748,0.000000,0.000000,0.000000,0.000000
70,1776361253.4719,0,1,0.217370,0.596821,0.012123,0.015872,-0.097927,0.012123
70,1776361253.4719,0,2,0.252785,0.492916,-0.000593,0.051287,-0.201833,-0.000593
70,1776361253.4719,0,3,0.272270,0.412119,-0.014969,0.070772,-0.282629,-0.014969
70,1776361253.4719,0,4,0.260649,0.347524,-0.026308,0.059151,-0.347224,-0.026308
70,1776361253.4719,0,5,0.281380,0.493636,-0.039335,0.079882,-0.201112,-0.039335
70,1776361253.4719,0,6,0.365162,0.506008,-0.040418,0.163665,-0.188740,-0.040418
70,1776361253.4719,0,7,0.350288,0.532024,-0.026137,0.148790,-0.162724,-0.026137
70,1776361253.4719,0,8,0.322875,0.531554,-0.018263,0.121378,-0.163194,-0.018263
70,1776361253.4719,0,9,0.292749,0.550571,-0.055575,0.091251,-0.144177,-0.055575
70,1776361253.4719,0,10,0.371100,0.566848,-0.051992,0.169602,-0.127900,-0.051992
70,1776361253.4719,0,11,0.347592,0.586713,-0.029278,0.146094,-0.108035,-0.029278
70,1776361253.4719,0,12,0.315937,0.584466,-0.017173,0.114439,-0.110282,-0.017173
70,1776361253.4719,0,13,0.302224,0.614103,-0.066263,0.100726,-0.080645,-0.066263
70,1776361253.4719,0,14,0.365052,0.621165,-0.052776,0.163555,-0.073583,-0.052776
70,1776361253.4719,0,15,0.345497,0.636620,-0.023079,0.143999,-0.058129,-0.023079
70,1776361253.4719,0,16,0.317855,0.631069,-0.008423,0.116357,-0.063679,-0.008423
70,1776361253.4719,0,17,0.309774,0.675386,-0.077340,0.108276,-0.019363,-0.077340
70,1776361253.4719,0,18,0.359401,0.670830,-0.058290,0.157903,-0.023918,-0.058290
70,1776361253.4719,0,19,0.339313,0.681752,-0.034895,0.137816,-0.012997,-0.034895
70,1776361253.4719,0,20,0.315333,0.680233,-0.021523,0.113835,-0.014516,-0.021523
75,1776361254.2586,0,0,0.194651,0.699811,0.000000,0.000000,0.000000,0.000000
75,1776361254.2586,0,1,0.209762,0.600802,0.013458,0.015111,-0.099009,0.013458
75,1776361254.2586,0,2,0.244766,0.497008,0.000465,0.050114,-0.202803,0.000465
75,1776361254.2586,0,3,0.264598,0.416144,-0.014033,0.069946,-0.283667,-0.014033
75,1776361254.2586,0,4,0.252893,0.351688,-0.025414,0.058242,-0.348123,-0.025414
75,1776361254.2586,0,5,0.273105,0.497316,-0.042935,0.078454,-0.202495,-0.042935
75,1776361254.2586,0,6,0.359014,0.507878,-0.044480,0.164363,-0.191934,-0.044480
75,1776361254.2586,0,7,0.344965,0.533905,-0.029435,0.150314,-0.165906,-0.029435
75,1776361254.2586,0,8,0.317795,0.533896,-0.020889,0.123144,-0.165915,-0.020889
75,1776361254.2586,0,9,0.284844,0.554580,-0.059703,0.090193,-0.145231,-0.059703
75,1776361254.2586,0,10,0.366031,0.568191,-0.056850,0.171380,-0.131621,-0.056850
75,1776361254.2586,0,11,0.343567,0.587768,-0.032734,0.148916,-0.112043,-0.032734
75,1776361254.2586,0,12,0.311811,0.587101,-0.019618,0.117160,-0.112710,-0.019618
75,1776361254.2586,0,13,0.294357,0.618720,-0.070418,0.099706,-0.081091,-0.070418
75,1776361254.2586,0,14,0.359171,0.625576,-0.057361,0.164520,-0.074235,-0.057361
75,1776361254.2586,0,15,0.338609,0.641530,-0.025755,0.143958,-0.058282,-0.025755
75,1776361254.2586,0,16,0.309806,0.637036,-0.009658,0.115155,-0.062775,-0.009658
75,1776361254.2586,0,17,0.302183,0.680476,-0.081309,0.107532,-0.019336,-0.081309
75,1776361254.2586,0,18,0.352634,0.677475,-0.062153,0.157983,-0.022336,-0.062153
75,1776361254.2586,0,19,0.331446,0.688537,-0.037543,0.136794,-0.011275,-0.037543
75,1776361254.2586,0,20,0.306362,0.686820,-0.023189,0.111710,-0.012991,-0.023189
80,1776361255.0471,0,0,0.187064,0.705926,0.000000,0.000000,0.000000,0.000000
80,1776361255.0471,0,1,0.202875,0.607155,0.014018,0.015811,-0.098771,0.014018
80,1776361255.0471,0,2,0.238294,0.503618,-0.000460,0.051229,-0.202308,-0.000460
80,1776361255.0471,0,3,0.258055,0.422536,-0.016486,0.070991,-0.283390,-0.016486
80,1776361255.0471,0,4,0.246372,0.357870,-0.029229,0.059308,-0.348056,-0.029229
80,1776361255.0471,0,5,0.266438,0.502432,-0.047542,0.079374,-0.203494,-0.047542
80,1776361255.0471,0,6,0.353802,0.513146,-0.050663,0.166738,-0.192780,-0.050663
80,1776361255.0471,0,7,0.336980,0.537174,-0.036021,0.149916,-0.168752,-0.036021
80,1776361255.0471,0,8,0.307619,0.535472,-0.027823,0.120555,-0.170454,-0.027823
80,1776361255.0471,0,9,0.276421,0.560505,-0.065688,0.089356,-0.145421,-0.065688
80,1776361255.0471,0,10,0.359499,0.575222,-0.064084,0.172434,-0.130704,-0.064084
80,1776361255.0471,0,11,0.335752,0.592803,-0.039388,0.148687,-0.113123,-0.039388
80,1776361255.0471,0,12,0.303674,0.591021,-0.026309,0.116610,-0.114905,-0.026309
80,1776361255.0471,0,13,0.284480,0.625427,-0.077383,0.097416,-0.080499,-0.077383
80,1776361255.0471,0,14,0.352075,0.633062,-0.065136,0.165011,-0.072864,-0.065136
80,1776361255.0471,0,15,0.331169,0.646938,-0.031837,0.144105,-0.058989,-0.031837
80,1776361255.0471,0,16,0.302660,0.641497,-0.015047,0.115596,-0.064429,-0.015047
80,1776361255.0471,0,17,0.291007,0.687647,-0.089242,0.103943,-0.018279,-0.089242
80,1776361255.0471,0,18,0.344280,0.684589,-0.070788,0.157215,-0.021337,-0.070788
80,1776361255.0471,0,19,0.322644,0.695115,-0.044882,0.135580,-0.010811,-0.044882
80,1776361255.0471,0,20,0.297305,0.693823,-0.029874,0.110241,-0.012103,-0.029874
85,1776361255.8328,0,0,0.191445,0.739533,0.000000,0.000000,0.000000,0.000000
85,1776361255.8328,0,1,0.204741,0.631968,0.014910,0.013296,-0.107565,0.014910
85,1776361255.8328,0,2,0.243039,0.530491,0.000374,0.051594,-0.209043,0.000373
85,1776361255.8328,0,3,0.265725,0.448072,-0.015085,0.074280,-0.291461,-0.015085
85,1776361255.8328,0,4,0.255067,0.378422,-0.027644,0.063622,-0.361111,-0.027644
85,1776361255.8328,0,5,0.280915,0.541211,-0.054010,0.089471,-0.198322,-0.054010
85,1776361255.8328,0,6,0.364555,0.542219,-0.054632,0.173110,-0.197314,-0.054632
85,1776361255.8328,0,7,0.349879,0.565875,-0.035108,0.158434,-0.173658,-0.035108
85,1776361255.8328,0,8,0.320488,0.567465,-0.022448,0.129044,-0.172068,-0.022448
85,1776361255.8328,0,9,0.295290,0.604734,-0.070190,0.103845,-0.134800,-0.070190
85,1776361255.8328,0,10,0.372864,0.604546,-0.061612,0.181420,-0.134987,-0.061612
85,1776361255.8328,0,11,0.352369,0.621665,-0.028726,0.160924,-0.117869,-0.028726
85,1776361255.8328,0,12,0.320340,0.623362,-0.010423,0.128896,-0.116171,-0.010423
85,1776361255.8328,0,13,0.304200,0.671861,-0.079708,0.112756,-0.067673,-0.079708
85,1776361255.8328,0,14,0.365509,0.664058,-0.062181,0.174064,-0.075476,-0.062181
85,1776361255.8328,0,15,0.345109,0.678298,-0.023376,0.153664,-0.061235,-0.023376
85,1776361255.8328,0,16,0.316208,0.677686,-0.003236,0.124763,-0.061847,-0.003236
85,1776361255.8328,0,17,0.310695,0.733313,-0.089223,0.119250,-0.006220,-0.089223
85,1776361255.8328,0,18,0.357441,0.719578,-0.066480,0.165996,-0.019956,-0.066480
85,1776361255.8328,0,19,0.335159,0.730513,-0.036693,0.143714,-0.009020,-0.036693
85,1776361255.8328,0,20,0.309082,0.732958,-0.018750,0.117637,-0.006575,-0.018750
90,1776361256.6163,0,0,0.187538,0.762849,0.000000,0.000000,0.000000,0.000000
90,1776361256.6163,0,1,0.205404,0.660734,0.011189,0.017866,-0.102115,0.011189
90,1776361256.6163,0,2,0.245959,0.558391,-0.007159,0.058420,-0.204458,-0.007159
90,1776361256.6163,0,3,0.268606,0.475358,-0.025988,0.081067,-0.287491,-0.025988
90,1776361256.6163,0,4,0.259049,0.405481,-0.041854,0.071510,-0.357368,-0.041854
90,1776361256.6163,0,5,0.275997,0.569668,-0.067123,0.088459,-0.193181,-0.067123
90,1776361256.6163,0,6,0.362955,0.574820,-0.073986,0.175416,-0.188029,-0.073986
90,1776361256.6163,0,7,0.345716,0.598925,-0.056283,0.158178,-0.163924,-0.056283
90,1776361256.6163,0,8,0.315855,0.598887,-0.044266,0.128317,-0.163961,-0.044266
90,1776361256.6163,0,9,0.287268,0.637006,-0.083315,0.099730,-0.125842,-0.083315
90,1776361256.6163,0,10,0.371360,0.638490,-0.082764,0.183822,-0.124359,-0.082764
90,1776361256.6163,0,11,0.348317,0.655937,-0.050476,0.160779,-0.106912,-0.050476
90,1776361256.6163,0,12,0.314801,0.656390,-0.031102,0.127262,-0.106459,-0.031102
90,1776361256.6163,0,13,0.295073,0.706235,-0.092802,0.107535,-0.056614,-0.092802
90,1776361256.6163,0,14,0.363817,0.696829,-0.081786,0.176279,-0.066020,-0.081786
90,1776361256.6163,0,15,0.341801,0.710526,-0.041587,0.154263,-0.052322,-0.041587
90,1776361256.6163,0,16,0.311645,0.709237,-0.019113,0.124107,-0.053612,-0.019113
90,1776361256.6163,0,17,0.301360,0.769336,-0.102548,0.113821,0.006488,-0.102548
90,1776361256.6163,0,18,0.353979,0.752699,-0.084391,0.166440,-0.010149,-0.084391
90,1776361256.6163,0,19,0.330892,0.761311,-0.054167,0.143354,-0.001537,-0.054167
90,1776361256.6163,0,20,0.303872,0.762579,-0.035056,0.116334,-0.000270,-0.035056
95,1776361257.4002,0,0,0.184611,0.760062,0.000000,0.000000,0.000000,0.000000
95,1776361257.4002,0,1,0.202658,0.661210,0.007284,0.018047,-0.098852,0.007284
95,1776361257.4002,0,2,0.242857,0.556059,-0.013537,0.058246,-0.204003,-0.013537
95,1776361257.4002,0,3,0.267077,0.471787,-0.033880,0.082466,-0.288276,-0.033880
95,1776361257.4002,0,4,0.258655,0.403243,-0.051157,0.074044,-0.356820,-0.051157
95,1776361257.4002,0,5,0.267670,0.571326,-0.076668,0.083059,-0.188736,-0.076668
95,1776361257.4002,0,6,0.354369,0.574502,-0.088820,0.169758,-0.185561,-0.088820
95,1776361257.4002,0,7,0.346886,0.597154,-0.073463,0.162275,-0.162908,-0.073463
95,1776361257.4002,0,8,0.324291,0.598205,-0.062117,0.139680,-0.161858,-0.062117
95,1776361257.4002,0,9,0.278242,0.637161,-0.092075,0.093631,-0.122902,-0.092075
95,1776361257.4002,0,10,0.366399,0.637650,-0.096864,0.181788,-0.122412,-0.096864
95,1776361257.4002,0,11,0.349330,0.654948,-0.064867,0.164719,-0.105114,-0.064867
95,1776361257.4002,0,12,0.317532,0.655698,-0.044790,0.132921,-0.104365,-0.044790
95,1776361257.4002,0,13,0.285894,0.705042,-0.101083,0.101283,-0.055020,-0.101083
95,1776361257.4002,0,14,0.358594,0.697451,-0.095001,0.173983,-0.062611,-0.095001
95,1776361257.4002,0,15,0.338090,0.710577,-0.053618,0.153479,-0.049485,-0.053618
95,1776361257.4002,0,16,0.307052,0.708078,-0.029231,0.122441,-0.051985,-0.029231
95,1776361257.4002,0,17,0.293223,0.767226,-0.110665,0.108612,0.007163,-0.110665
95,1776361257.4002,0,18,0.349030,0.752887,-0.096177,0.164419,-0.007175,-0.096177
95,1776361257.4002,0,19,0.326677,0.760223,-0.065802,0.142066,0.000161,-0.065802
95,1776361257.4002,0,20,0.298237,0.759311,-0.045842,0.113626,-0.000751,-0.045842
100,1776361258.1891,0,0,0.171975,0.806405,0.000000,0.000000,0.000000,0.000000
100,1776361258.1891,0,1,0.226935,0.749126,0.015197,0.054960,-0.057279,0.015197
100,1776361258.1891,0,2,0.285829,0.697919,-0.015467,0.113854,-0.108487,-0.015467
100,1776361258.1891,0,3,0.331209,0.677222,-0.052089,0.159234,-0.129184,-0.052089
100,1776361258.1891,0,4,0.371807,0.674447,-0.088479,0.199832,-0.131959,-0.088479
100,1776361258.1891,0,5,0.277776,0.625467,-0.089640,0.105801,-0.180938,-0.089640
100,1776361258.1891,0,6,0.351843,0.602779,-0.137841,0.179868,-0.203627,-0.137841
100,1776361258.1891,0,7,0.398722,0.630358,-0.154746,0.226747,-0.176048,-0.154746
100,1776361258.1891,0,8,0.426323,0.656670,-0.163707,0.254348,-0.149735,-0.163707
100,1776361258.1891,0,9,0.247013,0.656076,-0.123664,0.075038,-0.150329,-0.123664
100,1776361258.1891,0,10,0.344174,0.667380,-0.176954,0.172199,-0.139026,-0.176954
100,1776361258.1891,0,11,0.381453,0.717269,-0.175688,0.209478,-0.089136,-0.175688
100,1776361258.1891,0,12,0.395662,0.749228,-0.171455,0.223687,-0.057178,-0.171455
100,1776361258.1891,0,13,0.219934,0.708583,-0.152353,0.047959,-0.097822,-0.152353
100,1776361258.1891,0,14,0.309354,0.732089,-0.189101,0.137379,-0.074316,-0.189101
100,1776361258.1891,0,15,0.336416,0.776740,-0.164773,0.164441,-0.029666,-0.164773
100,1776361258.1891,0,16,0.341191,0.800961,-0.146271,0.169216,-0.005444,-0.146271
100,1776361258.1891,0,17,0.198939,0.770413,-0.180690,0.026964,-0.035993,-0.180690
100,1776361258.1891,0,18,0.269466,0.791104,-0.199873,0.097491,-0.015301,-0.199873
100,1776361258.1891,0,19,0.293542,0.813352,-0.182405,0.121567,0.006947,-0.182405
100,1776361258.1891,0,20,0.299761,0.823619,-0.169141,0.127786,0.017213,-0.169141
135,1776361263.4775,0,0,0.868285,0.645421,-0.000000,0.000000,0.000000,0.000000
135,1776361263.4775,0,1,0.866984,0.589301,-0.018899,-0.001301,-0.056120,-0.018899
135,1776361263.4775,0,2,0.880764,0.531982,-0.037412,0.012479,-0.113439,-0.037412
135,1776361263.4775,0,3,0.892709,0.494495,-0.055356,0.024423,-0.150926,-0.055356
135,1776361263.4775,0,4,0.893600,0.462383,-0.071361,0.025315,-0.183038,-0.071361
135,1776361263.4775,0,5,0.945897,0.531254,-0.034979,0.077612,-0.114167,-0.034979
135,1776361263.4775,0,6,0.947455,0.500427,-0.055800,0.079170,-0.144994,-0.055800
135,1776361263.4775,0,7,0.914692,0.502480,-0.063559,0.046407,-0.142941,-0.063559
135,1776361263.4775,0,8,0.894617,0.509391,-0.067450,0.026332,-0.136030,-0.067450
135,1776361263.4775,0,9,0.959699,0.561518,-0.040577,0.091413,-0.083903,-0.040577
135,1776361263.4775,0,10,0.948078,0.531382,-0.067400,0.079792,-0.114039,-0.067400
135,1776361263.4775,0,11,0.910206,0.542626,-0.073368,0.041921,-0.102795,-0.073368
135,1776361263.4775,0,12,0.895524,0.556351,-0.073885,0.027239,-0.089070,-0.073885
135,1776361263.4775,0,13,0.965849,0.594986,-0.047300,0.097563,-0.050435,-0.047300
135,1776361263.4775,0,14,0.951775,0.566794,-0.068937,0.083489,-0.078627,-0.068937
135,1776361263.4775,0,15,0.917762,0.576134,-0.066383,0.049476,-0.069287,-0.066383
135,1776361263.4775,0,16,0.905958,0.588140,-0.061962,0.037672,-0.057281,-0.061962
135,1776361263.4775,0,17,0.967706,0.631941,-0.056525,0.099420,-0.013480,-0.056525
135,1776361263.4775,0,18,0.962727,0.605364,-0.067398,0.094441,-0.040057,-0.067398
135,1776361263.4775,0,19,0.938732,0.608519,-0.063897,0.070446,-0.036902,-0.063897
135,1776361263.4775,0,20,0.928663,0.619007,-0.060084,0.060378,-0.026414,-0.060084
140,1776361264.3109,0,0,0.790627,0.631805,-0.000000,0.000000,0.000000,0.000000
140,1776361264.3109,0,1,0.815330,0.617726,-0.005611,0.024703,-0.014079,-0.005611
140,1776361264.3109,0,2,0.842635,0.603928,-0.010238,0.052008,-0.027877,-0.010238
140,1776361264.3109,0,3,0.865551,0.600040,-0.014836,0.074924,-0.031765,-0.014836
140,1776361264.3109,0,4,0.885433,0.600646,-0.019638,0.094806,-0.031159,-0.019638
140,1776361264.3109,0,5,0.866803,0.566186,-0.012023,0.076176,-0.065620,-0.012023
140,1776361264.3109,0,6,0.909265,0.578560,-0.016428,0.118638,-0.053246,-0.016428
140,1776361264.3109,0,7,0.925758,0.605318,-0.018451,0.135131,-0.026487,-0.018451
140,1776361264.3109,0,8,0.931785,0.627110,-0.020504,0.141158,-0.004696,-0.020504
140,1776361264.3109,0,9,0.864068,0.570752,-0.014622,0.073440,-0.061053,-0.014622
140,1776361264.3109,0,10,0.907451,0.584076,-0.020627,0.116824,-0.047730,-0.020627
140,1776361264.3109,0,11,0.925623,0.608443,-0.026394,0.134995,-0.023362,-0.026394
140,1776361264.3109,0,12,0.933219,0.629356,-0.031560,0.142592,-0.002450,-0.031560
140,1776361264.3109,0,13,0.859616,0.582296,-0.016993,0.068989,-0.049509,-0.016993
140,1776361264.3109,0,14,0.898705,0.592627,-0.021555,0.108078,-0.039178,-0.021555
140,1776361264.3109,0,15,0.918297,0.613302,-0.028373,0.127670,-0.018504,-0.028373
140,1776361264.3109,0,16,0.928587,0.631606,-0.034352,0.137960,-0.000200,-0.034352
140,1776361264.3109,0,17,0.854455,0.599183,-0.020023,0.063828,-0.032622,-0.020023
140,1776361264.3109,0,18,0.881653,0.606309,-0.024557,0.091026,-0.025496,-0.024557
140,1776361264.3109,0,19,0.896718,0.615277,-0.029943,0.106091,-0.016528,-0.029943
140,1776361264.3109,0,20,0.906591,0.625059,-0.034636,0.115963,-0.006746,-0.034636
170,1776361268.8229,0,0,0.726085,0.643663,-0.000000,0.000000,0.000000,0.000000
170,1776361268.8229,0,1,0.728694,0.600616,0.005216,0.002609,-0.043047,0.005216
170,1776361268.8229,0,2,0.743964,0.564873,0.000828,0.017879,-0.078790,0.000828
170,1776361268.8229,0,3,0.755443,0.541376,-0.008900,0.029358,-0.102287,-0.008900
170,1776361268.8229,0,4,0.763380,0.526373,-0.019274,0.037295,-0.117289,-0.019274
170,1776361268.8229,0,5,0.779456,0.557480,0.006617,0.053372,-0.086182,0.006617
170,1776361268.8229,0,6,0.794491,0.525996,-0.010071,0.068406,-0.117666,-0.010071
170,1776361268.8229,0,7,0.779343,0.509147,-0.021189,0.053259,-0.134516,-0.021189
170,1776361268.8229,0,8,0.763362,0.502816,-0.026574,0.037277,-0.140847,-0.026574
170,1776361268.8229,0,9,0.787234,0.574024,-0.007247,0.061149,-0.069639,-0.007247
170,1776361268.8229,0,10,0.800505,0.535195,-0.031559,0.074420,-0.108468,-0.031559
170,1776361268.8229,0,11,0.774455,0.525326,-0.045491,0.048371,-0.118337,-0.045491
170,1776361268.8229,0,12,0.752985,0.529906,-0.049941,0.026900,-0.113757,-0.049941
170,1776361268.8229,0,13,0.792770,0.594901,-0.022210,0.066685,-0.048762,-0.022210
170,1776361268.8229,0,14,0.808468,0.557913,-0.042745,0.082383,-0.085750,-0.042745
170,1776361268.8229,0,15,0.782017,0.549045,-0.048221,0.055932,-0.094617,-0.048221
170,1776361268.8229,0,16,0.758548,0.556395,-0.047934,0.032463,-0.087268,-0.047934
170,1776361268.8229,0,17,0.797152,0.619593,-0.037876,0.071067,-0.024069,-0.037876
170,1776361268.8229,0,18,0.812128,0.593636,-0.049897,0.086044,-0.050027,-0.049897
170,1776361268.8229,0,19,0.796488,0.580184,-0.052107,0.070403,-0.063479,-0.052107
170,1776361268.8229,0,20,0.779191,0.578741,-0.051923,0.053106,-0.064922,-0.051923
175,1776361269.5498,0,0,0.595596,0.719790,0.000000,0.000000,0.000000,0.000000
175,1776361269.5498,0,1,0.581708,0.645626,0.006314,-0.013888,-0.074165,0.006314
175,1776361269.5498,0,2,0.603422,0.587120,0.007310,0.007826,-0.132671,0.007310
175,1776361269.5498,0,3,0.638226,0.551465,0.008979,0.042629,-0.168325,0.008979
175,1776361269.5498,0,4,0.662246,0.533311,0.011006,0.066649,-0.186479,0.011006
175,1776361269.5498,0,5,0.634343,0.590682,-0.012432,0.038747,-0.129108,-0.012432
175,1776361269.5498,0,6,0.665091,0.545548,-0.002306,0.069495,-0.174242,-0.002306
175,1776361269.5498,0,7,0.667890,0.527754,0.010292,0.072294,-0.192037,0.010292
175,1776361269.5498,0,8,0.667713,0.521271,0.018782,0.072116,-0.198519,0.018782
175,1776361269.5498,0,9,0.659911,0.616770,-0.012892,0.064315,-0.103020,-0.012892
175,1776361269.5498,0,10,0.677648,0.579780,0.007334,0.082052,-0.140010,0.007334
175,1776361269.5498,0,11,0.663922,0.580135,0.025990,0.068325,-0.139656,0.025990
175,1776361269.5498,0,12,0.653117,0.592728,0.035636,0.057521,-0.127062,0.035636
175,1776361269.5498,0,13,0.677049,0.644612,-0.010411,0.081453,-0.075178,-0.010411
175,1776361269.5498,0,14,0.687095,0.608080,0.010540,0.091498,-0.111710,0.010540
175,1776361269.5498,0,15,0.674517,0.609424,0.025976,0.078921,-0.110366,0.025976
175,1776361269.5498,0,16,0.664954,0.622604,0.031794,0.069357,-0.097186,0.031794
175,1776361269.5498,0,17,0.688430,0.670023,-0.007781,0.092834,-0.049767,-0.007781
175,1776361269.5498,0,18,0.696002,0.636405,0.010326,0.100406,-0.083385,0.010326
175,1776361269.5498,0,19,0.685309,0.637507,0.022847,0.089713,-0.082284,0.022847
175,1776361269.5498,0,20,0.676350,0.649025,0.029546,0.080753,-0.070765,0.029546
175,1776361269.5498,1,0,0.774875,0.671544,-0.000000,0.000000,0.000000,0.000000
175,1776361269.5498,1,1,0.777191,0.636675,-0.001070,0.002316,-0.034869,-0.001070
175,1776361269.5498,1,2,0.791857,0.603413,-0.010225,0.016983,-0.068132,-0.010225
175,1776361269.5498,1,3,0.803496,0.585879,-0.023304,0.028621,-0.085666,-0.023304
175,1776361269.5498,1,4,0.812052,0.576386,-0.036982,0.037177,-0.095158,-0.036982
175,1776361269.5498,1,5,0.821705,0.586798,-0.009677,0.046830,-0.084746,-0.009677
175,1776361269.5498,1,6,0.848007,0.565507,-0.030386,0.073132,-0.106037,-0.030386
175,1776361269.5498,1,7,0.843456,0.549605,-0.043596,0.068581,-0.121939,-0.043596
175,1776361269.5498,1,8,0.833024,0.544316,-0.050572,0.058150,-0.127228,-0.050572
175,1776361269.5498,1,9,0.829528,0.604480,-0.021396,0.054653,-0.067065,-0.021396
175,1776361269.5498,1,10,0.857115,0.579216,-0.049943,0.082240,-0.092328,-0.049943
175,1776361269.5498,1,11,0.840382,0.569007,-0.064857,0.065508,-0.102538,-0.064857
175,1776361269.5498,1,12,0.821828,0.571752,-0.070117,0.046953,-0.099793,-0.070117
175,1776361269.5498,1,13,0.834939,0.626186,-0.033949,0.060065,-0.045358,-0.033949
175,1776361269.5498,1,14,0.861264,0.604512,-0.057761,0.086389,-0.067033,-0.057761
175,1776361269.5498,1,15,0.843475,0.595326,-0.064021,0.068600,-0.076219,-0.064021
175,1776361269.5498,1,16,0.823843,0.599355,-0.064099,0.048968,-0.072189,-0.064099
175,1776361269.5498,1,17,0.838105,0.652008,-0.047499,0.063230,-0.019536,-0.047499
175,1776361269.5498,1,18,0.863528,0.639085,-0.063354,0.088653,-0.032459,-0.063354
175,1776361269.5498,1,19,0.857656,0.628091,-0.067233,0.082781,-0.043454,-0.067233
175,1776361269.5498,1,20,0.845840,0.626121,-0.067890,0.070965,-0.045423,-0.067890
180,1776361270.2580,0,0,0.669187,0.830190,-0.000000,0.000000,0.000000,0.000000
180,1776361270.2580,0,1,0.670842,0.746012,-0.004108,0.001655,-0.084179,-0.004108
180,1776361270.2580,0,2,0.706764,0.692822,-0.004663,0.037577,-0.137369,-0.004663
180,1776361270.2580,0,3,0.746672,0.659836,0.001142,0.077485,-0.170354,0.001142
180,1776361270.2580,0,4,0.766068,0.629640,0.008432,0.096881,-0.200551,0.008432
180,1776361270.2580,0,5,0.757057,0.725468,-0.036272,0.087871,-0.104722,-0.036272
180,1776361270.2580,0,6,0.792956,0.663142,-0.027228,0.123770,-0.167048,-0.027228
180,1776361270.2580,0,7,0.786800,0.630261,-0.009745,0.117613,-0.199930,-0.009745
180,1776361270.2580,0,8,0.776729,0.620792,0.003874,0.107542,-0.209399,0.003874
180,1776361270.2580,0,9,0.777401,0.765690,-0.026722,0.108215,-0.064501,-0.026722
180,1776361270.2580,0,10,0.793910,0.695919,-0.002944,0.124723,-0.134271,-0.002944
180,1776361270.2580,0,11,0.770237,0.681351,0.024736,0.101050,-0.148839,0.024736
180,1776361270.2580,0,12,0.753317,0.693798,0.040718,0.084130,-0.136392,0.040718
180,1776361270.2580,0,13,0.785852,0.797486,-0.013980,0.116665,-0.032705,-0.013980
180,1776361270.2580,0,14,0.794914,0.731078,0.010077,0.125727,-0.099113,0.010077
180,1776361270.2580,0,15,0.773983,0.719204,0.031402,0.104796,-0.110987,0.031402
180,1776361270.2580,0,16,0.759068,0.732155,0.041095,0.089881,-0.098035,0.041095
180,1776361270.2580,0,17,0.788949,0.821588,-0.001191,0.119762,-0.008603,-0.001191
180,1776361270.2580,0,18,0.797066,0.766657,0.017465,0.127879,-0.063533,0.017465
180,1776361270.2580,0,19,0.781553,0.753370,0.032184,0.112366,-0.076821,0.032184
180,1776361270.2580,0,20,0.769353,0.760374,0.041372,0.100166,-0.069816,0.041372
185,1776361271.0244,0,0,0.824344,0.685181,-0.000000,0.000000,0.000000,0.000000
185,1776361271.0244,0,1,0.825510,0.653681,-0.015014,0.001167,-0.031500,-0.015014
185,1776361271.0244,0,2,0.847368,0.619490,-0.030886,0.023024,-0.065691,-0.030886
185,1776361271.0244,0,3,0.863049,0.598229,-0.047633,0.038705,-0.086951,-0.047633
185,1776361271.0244,0,4,0.877770,0.579678,-0.065370,0.053427,-0.105503,-0.065370
185,1776361271.0244,0,5,0.883818,0.605696,-0.032552,0.059474,-0.079485,-0.032552
185,1776361271.0244,0,6,0.912081,0.584052,-0.059894,0.087738,-0.101129,-0.059894
185,1776361271.0244,0,7,0.908595,0.573088,-0.074774,0.084251,-0.112092,-0.074774
185,1776361271.0244,0,8,0.897573,0.575166,-0.082857,0.073230,-0.110015,-0.082857
185,1776361271.0244,0,9,0.892568,0.628565,-0.040201,0.068224,-0.056616,-0.040201
185,1776361271.0244,0,10,0.924873,0.612158,-0.078691,0.100529,-0.073022,-0.078691
185,1776361271.0244,0,11,0.909071,0.606860,-0.096848,0.084727,-0.078321,-0.096848
185,1776361271.0244,0,12,0.889225,0.613534,-0.103296,0.064881,-0.071647,-0.103296
185,1776361271.0244,0,13,0.895496,0.654674,-0.049290,0.071153,-0.030506,-0.049290
185,1776361271.0244,0,14,0.931974,0.647527,-0.083919,0.107630,-0.037654,-0.083919
185,1776361271.0244,0,15,0.925480,0.641117,-0.097187,0.101137,-0.044064,-0.097187
185,1776361271.0244,0,16,0.912912,0.643984,-0.100786,0.088569,-0.041197,-0.100786
185,1776361271.0244,0,17,0.892665,0.683149,-0.059587,0.068321,-0.002031,-0.059587
185,1776361271.0244,0,18,0.923510,0.686136,-0.085443,0.099167,0.000955,-0.085443
185,1776361271.0244,0,19,0.930122,0.679544,-0.096447,0.105779,-0.005637,-0.096447
185,1776361271.0244,0,20,0.930677,0.677060,-0.101542,0.106333,-0.008121,-0.101542
190,1776361271.8199,0,0,0.724323,0.665609,-0.000000,0.000000,0.000000,0.000000
190,1776361271.8199,0,1,0.717178,0.622689,0.001530,-0.007144,-0.042920,0.001530
190,1776361271.8199,0,2,0.724894,0.576160,-0.001363,0.000572,-0.089449,-0.001363
190,1776361271.8199,0,3,0.734337,0.541557,-0.006025,0.010015,-0.124052,-0.006025
190,1776361271.8199,0,4,0.741448,0.512524,-0.010114,0.017125,-0.153085,-0.010114
190,1776361271.8199,0,5,0.772409,0.554210,-0.002264,0.048087,-0.111399,-0.002264
190,1776361271.8199,0,6,0.806426,0.524882,-0.003366,0.082103,-0.140727,-0.003366
190,1776361271.8199,0,7,0.818236,0.521179,0.000652,0.093913,-0.144430,0.000652
190,1776361271.8199,0,8,0.818609,0.524642,0.004281,0.094286,-0.140966,0.004281
190,1776361271.8199,0,9,0.786364,0.577877,-0.007539,0.062042,-0.087732,-0.007539
190,1776361271.8199,0,10,0.825422,0.555762,-0.008655,0.101100,-0.109847,-0.008655
190,1776361271.8199,0,11,0.829551,0.559521,-0.002499,0.105228,-0.106088,-0.002499
190,1776361271.8199,0,12,0.822964,0.566861,0.003305,0.098642,-0.098747,0.003305
190,1776361271.8199,0,13,0.794644,0.607015,-0.012982,0.070321,-0.058594,-0.012982
190,1776361271.8199,0,14,0.830865,0.590028,-0.013572,0.106542,-0.075581,-0.013572
190,1776361271.8199,0,15,0.837155,0.594567,-0.006448,0.112832,-0.071042,-0.006448
190,1776361271.8199,0,16,0.834174,0.601901,-0.000356,0.109851,-0.063708,-0.000356
190,1776361271.8199,0,17,0.798866,0.638874,-0.019295,0.074543,-0.026735,-0.019295
190,1776361271.8199,0,18,0.830005,0.624445,-0.019782,0.105683,-0.041164,-0.019782
190,1776361271.8199,0,19,0.846041,0.621198,-0.015957,0.121719,-0.044411,-0.015957
190,1776361271.8199,0,20,0.855867,0.622287,-0.011972,0.131545,-0.043322,-0.011972
195,1776361273.0485,0,0,0.461015,0.687313,0.000000,0.000000,0.000000,0.000000
195,1776361273.0485,0,1,0.476149,0.624756,0.016473,0.015134,-0.062557,0.016473
195,1776361273.0485,0,2,0.469157,0.563684,0.011109,0.008142,-0.123629,0.011109
195,1776361273.0485,0,3,0.458289,0.513222,0.004687,-0.002726,-0.174091,0.004687
195,1776361273.0485,0,4,0.463076,0.473387,-0.001041,0.002061,-0.213926,-0.001041
195,1776361273.0485,0,5,0.458803,0.564657,-0.031158,-0.002212,-0.122656,-0.031158
195,1776361273.0485,0,6,0.428164,0.499342,-0.039106,-0.032851,-0.187972,-0.039106
195,1776361273.0485,0,7,0.403492,0.478501,-0.036331,-0.057523,-0.208812,-0.036331
195,1776361273.0485,0,8,0.387243,0.471063,-0.034331,-0.073772,-0.216250,-0.034331
195,1776361273.0485,0,9,0.436432,0.588963,-0.043309,-0.024583,-0.098350,-0.043309
195,1776361273.0485,0,10,0.394142,0.524968,-0.055169,-0.066873,-0.162346,-0.055169
195,1776361273.0485,0,11,0.370979,0.498264,-0.051033,-0.090036,-0.189050,-0.051033
195,1776361273.0485,0,12,0.357460,0.486946,-0.048296,-0.103555,-0.200367,-0.048296
195,1776361273.0485,0,13,0.413485,0.614282,-0.049828,-0.047530,-0.073032,-0.049828
195,1776361273.0485,0,14,0.370107,0.559584,-0.054429,-0.090908,-0.127729,-0.054429
195,1776361273.0485,0,15,0.354262,0.535715,-0.044463,-0.106754,-0.151598,-0.044463
195,1776361273.0485,0,16,0.346349,0.525475,-0.038719,-0.114666,-0.161839,-0.038719
195,1776361273.0485,0,17,0.392717,0.639884,-0.054200,-0.068298,-0.047430,-0.054200
195,1776361273.0485,0,18,0.361588,0.601200,-0.053020,-0.099427,-0.086114,-0.053020
195,1776361273.0485,0,19,0.355796,0.588884,-0.043308,-0.105219,-0.098430,-0.043308
195,1776361273.0485,0,20,0.354923,0.584603,-0.037744,-0.106092,-0.102710,-0.037744
200,1776361273.8500,0,0,0.473971,0.677891,0.000000,0.000000,0.000000,0.000000
200,1776361273.8500,0,1,0.497400,0.624214,0.006899,0.023430,-0.053677,0.006899
200,1776361273.8500,0,2,0.506705,0.565713,0.003435,0.032734,-0.112178,0.003435
200,1776361273.8500,0,3,0.512697,0.519894,-0.000140,0.038727,-0.157997,-0.000140
200,1776361273.8500,0,4,0.527958,0.492992,-0.003395,0.053988,-0.184898,-0.003395
200,1776361273.8500,0,5,0.472306,0.554496,-0.023585,-0.001664,-0.123395,-0.023585
200,1776361273.8500,0,6,0.459663,0.493948,-0.029793,-0.014307,-0.183943,-0.029793
200,1776361273.8500,0,7,0.450311,0.465806,-0.027339,-0.023659,-0.212085,-0.027339
200,1776361273.8500,0,8,0.442724,0.448169,-0.025045,-0.031246,-0.229722,-0.025045
200,1776361273.8500,0,9,0.444098,0.569143,-0.029781,-0.029873,-0.108747,-0.029781
200,1776361273.8500,0,10,0.419361,0.500506,-0.037469,-0.054610,-0.177385,-0.037469
200,1776361273.8500,0,11,0.404030,0.462511,-0.034856,-0.069940,-0.215380,-0.034856
200,1776361273.8500,0,12,0.393609,0.436999,-0.032918,-0.080362,-0.240892,-0.032918
200,1776361273.8500,0,13,0.419979,0.591118,-0.032903,-0.053992,-0.086773,-0.032903
200,1776361273.8500,0,14,0.392979,0.531874,-0.038176,-0.080992,-0.146017,-0.038176
200,1776361273.8500,0,15,0.380221,0.497212,-0.034315,-0.093750,-0.180679,-0.034315
200,1776361273.8500,0,16,0.373160,0.472997,-0.030942,-0.100810,-0.204894,-0.030942
200,1776361273.8500,0,17,0.401477,0.615647,-0.035014,-0.072494,-0.062243,-0.035014
200,1776361273.8500,0,18,0.378090,0.573646,-0.036737,-0.095881,-0.104245,-0.036737
200,1776361273.8500,0,19,0.370580,0.550639,-0.033053,-0.103390,-0.127252,-0.033053
200,1776361273.8500,0,20,0.366621,0.532947,-0.030309,-0.107349,-0.144944,-0.030309
205,1776361274.6569,0,0,0.493703,0.676610,0.000000,0.000000,0.000000,0.000000
205,1776361274.6569,0,1,0.523186,0.631521,0.009185,0.029483,-0.045089,0.009185
205,1776361274.6569,0,2,0.538058,0.572422,0.005997,0.044355,-0.104188,0.005997
205,1776361274.6569,0,3,0.549985,0.526465,0.003087,0.056282,-0.150145,0.003087
205,1776361274.6569,0,4,0.567678,0.498565,0.000288,0.073975,-0.178045,0.000288
205,1776361274.6569,0,5,0.513148,0.554210,-0.026988,0.019444,-0.122400,-0.026988
205,1776361274.6569,0,6,0.502941,0.485047,-0.031367,0.009238,-0.191564,-0.031367
205,1776361274.6569,0,7,0.489883,0.454603,-0.024710,-0.003820,-0.222007,-0.024710
205,1776361274.6569,0,8,0.477542,0.439106,-0.018959,-0.016161,-0.237504,-0.018959
205,1776361274.6569,0,9,0.485281,0.564797,-0.032977,-0.008422,-0.111813,-0.032977
205,1776361274.6569,0,10,0.467679,0.492537,-0.038835,-0.026024,-0.184073,-0.038835
205,1776361274.6569,0,11,0.460784,0.486271,-0.026391,-0.032919,-0.190339,-0.026391
205,1776361274.6569,0,12,0.456018,0.497018,-0.015492,-0.037685,-0.179592,-0.015492
205,1776361274.6569,0,13,0.459605,0.582213,-0.036065,-0.034098,-0.094397,-0.036065
205,1776361274.6569,0,14,0.440700,0.513867,-0.042946,-0.053003,-0.162743,-0.042946
205,1776361274.6569,0,15,0.431629,0.492728,-0.035953,-0.062074,-0.183882,-0.035953
205,1776361274.6569,0,16,0.425020,0.484479,-0.029066,-0.068683,-0.192131,-0.029066
205,1776361274.6569,0,17,0.436633,0.601753,-0.037405,-0.057070,-0.074857,-0.037405
205,1776361274.6569,0,18,0.414254,0.557955,-0.042814,-0.079449,-0.118655,-0.042814
205,1776361274.6569,0,19,0.404794,0.536079,-0.040409,-0.088909,-0.140531,-0.040409
205,1776361274.6569,0,20,0.397823,0.518464,-0.037442,-0.095880,-0.158146,-0.037442
210,1776361275.4696,0,0,0.487598,0.633008,-0.000000,0.000000,0.000000,0.000000
210,1776361275.4696,0,1,0.518926,0.585010,0.016697,0.031328,-0.047997,0.016697
210,1776361275.4696,0,2,0.532381,0.528461,0.022544,0.044783,-0.104547,0.022544
210,1776361275.4696,0,3,0.539144,0.479315,0.027481,0.051545,-0.153693,0.027481
210,1776361275.4696,0,4,0.558295,0.448743,0.035069,0.070697,-0.184265,0.035069
210,1776361275.4696,0,5,0.500880,0.503971,-0.000376,0.013282,-0.129037,-0.000376
210,1776361275.4696,0,6,0.487647,0.458623,0.014039,0.000049,-0.174385,0.014039
210,1776361275.4696,0,7,0.486218,0.476728,0.034290,-0.001380,-0.156280,0.034290
210,1776361275.4696,0,8,0.488639,0.497534,0.047374,0.001041,-0.135474,0.047374
210,1776361275.4696,0,9,0.471669,0.511956,-0.005438,-0.015929,-0.121051,-0.005438
210,1776361275.4696,0,10,0.460065,0.469214,0.010510,-0.027533,-0.163794,0.010510
210,1776361275.4696,0,11,0.461532,0.486144,0.030545,-0.026066,-0.146863,0.030545
210,1776361275.4696,0,12,0.466317,0.505979,0.043308,-0.021281,-0.127029,0.043308
210,1776361275.4696,0,13,0.446240,0.527873,-0.007083,-0.041358,-0.105134,-0.007083
210,1776361275.4696,0,14,0.432437,0.480416,0.008252,-0.055161,-0.152592,0.008252
210,1776361275.4696,0,15,0.433871,0.491347,0.023962,-0.053728,-0.141661,0.023962
210,1776361275.4696,0,16,0.438988,0.505920,0.032844,-0.048610,-0.127088,0.032844
210,1776361275.4696,0,17,0.423017,0.546832,-0.006981,-0.064581,-0.086175,-0.006981
210,1776361275.4696,0,18,0.404290,0.503504,0.001425,-0.083309,-0.129504,0.001425
210,1776361275.4696,0,19,0.393590,0.481282,0.008753,-0.094009,-0.151725,0.008753
210,1776361275.4696,0,20,0.385707,0.460592,0.013812,-0.101891,-0.172416,0.013812
215,1776361276.2897,0,0,0.580189,0.586147,-0.000000,0.000000,0.000000,0.000000
215,1776361276.2897,0,1,0.552309,0.553165,-0.009290,-0.027880,-0.032982,-0.009290
215,1776361276.2897,0,2,0.531561,0.510226,-0.025179,-0.048628,-0.075922,-0.025179
215,1776361276.2897,0,3,0.513149,0.482274,-0.043458,-0.067040,-0.103873,-0.043458
215,1776361276.2897,0,4,0.491056,0.468004,-0.062472,-0.089133,-0.118143,-0.062472
215,1776361276.2897,0,5,0.572286,0.450990,-0.021193,-0.007903,-0.135157,-0.021193
215,1776361276.2897,0,6,0.545851,0.431309,-0.047661,-0.034338,-0.154839,-0.047661
215,1776361276.2897,0,7,0.523627,0.423047,-0.065313,-0.056562,-0.163100,-0.065313
215,1776361276.2897,0,8,0.504427,0.417948,-0.075489,-0.075762,-0.168199,-0.075489
215,1776361276.2897,0,9,0.595755,0.456607,-0.032874,0.015566,-0.129540,-0.032874
215,1776361276.2897,0,10,0.564794,0.446726,-0.061899,-0.015395,-0.139421,-0.061899
215,1776361276.2897,0,11,0.548718,0.483624,-0.070808,-0.031471,-0.102523,-0.070808
215,1776361276.2897,0,12,0.542848,0.511765,-0.073329,-0.037341,-0.074382,-0.073329
215,1776361276.2897,0,13,0.615440,0.476207,-0.046805,0.035251,-0.109940,-0.046805
215,1776361276.2897,0,14,0.584947,0.476670,-0.070945,0.004758,-0.109478,-0.070945
215,1776361276.2897,0,15,0.567589,0.510461,-0.070064,-0.012600,-0.075687,-0.070064
215,1776361276.2897,0,16,0.562012,0.533547,-0.066956,-0.018177,-0.052600,-0.066956
215,1776361276.2897,0,17,0.630510,0.506232,-0.063348,0.050321,-0.079916,-0.063348
215,1776361276.2897,0,18,0.604496,0.507074,-0.078719,0.024307,-0.079073,-0.078719
215,1776361276.2897,0,19,0.583908,0.529447,-0.078145,0.003719,-0.056700,-0.078145
215,1776361276.2897,0,20,0.575567,0.544400,-0.076207,-0.004622,-0.041747,-0.076207
215,1776361276.2897,1,0,0.576984,0.614410,-0.000000,0.000000,0.000000,0.000000
215,1776361276.2897,1,1,0.547923,0.565148,0.005249,-0.029061,-0.049262,0.005249
215,1776361276.2897,1,2,0.526272,0.517480,-0.001076,-0.050712,-0.096930,-0.001076
215,1776361276.2897,1,3,0.506806,0.486695,-0.012282,-0.070178,-0.127714,-0.012282
215,1776361276.2897,1,4,0.485307,0.469953,-0.023518,-0.091677,-0.144457,-0.023518
215,1776361276.2897,1,5,0.552845,0.471229,0.001664,-0.024139,-0.143181,0.001664
215,1776361276.2897,1,6,0.538569,0.438032,-0.016175,-0.038415,-0.176377,-0.016175
215,1776361276.2897,1,7,0.519580,0.425433,-0.027528,-0.057404,-0.188977,-0.027528
215,1776361276.2897,1,8,0.501972,0.418407,-0.033516,-0.075012,-0.196002,-0.033516
215,1776361276.2897,1,9,0.573218,0.476655,-0.012750,-0.003766,-0.137754,-0.012750
215,1776361276.2897,1,10,0.554202,0.451083,-0.035091,-0.022782,-0.163326,-0.035091
215,1776361276.2897,1,11,0.543740,0.482775,-0.040541,-0.033244,-0.131635,-0.040541
215,1776361276.2897,1,12,0.540969,0.507744,-0.039329,-0.036014,-0.106666,-0.039329
215,1776361276.2897,1,13,0.591295,0.491739,-0.028257,0.014311,-0.122671,-0.028257
215,1776361276.2897,1,14,0.570660,0.478065,-0.044740,-0.006324,-0.136345,-0.044740
215,1776361276.2897,1,15,0.559642,0.510003,-0.038234,-0.017342,-0.104406,-0.038234
215,1776361276.2897,1,16,0.557891,0.531850,-0.030684,-0.019093,-0.082560,-0.030684
215,1776361276.2897,1,17,0.606916,0.513827,-0.045561,0.029932,-0.100583,-0.045561
215,1776361276.2897,1,18,0.586539,0.509256,-0.051145,0.009555,-0.105154,-0.051145
215,1776361276.2897,1,19,0.572540,0.531652,-0.044694,-0.004444,-0.082758,-0.044694
215,1776361276.2897,1,20,0.568886,0.547489,-0.038398,-0.008098,-0.066921,-0.038398
220,1776361277.0813,0,0,0.587869,0.396940,-0.000000,0.000000,0.000000,0.000000
220,1776361277.0813,0,1,0.557486,0.385138,0.003838,-0.030383,-0.011801,0.003838
220,1776361277.0813,0,2,0.535088,0.361145,0.001381,-0.052782,-0.035795,0.001381
220,1776361277.0813,0,3,0.516752,0.342349,-0.005516,-0.071117,-0.054591,-0.005516
220,1776361277.0813,0,4,0.496926,0.332454,-0.011499,-0.090943,-0.064486,-0.011499
220,1776361277.0813,0,5,0.543665,0.319467,0.018957,-0.044205,-0.077473,0.018957
220,1776361277.0813,0,6,0.521161,0.304922,0.007831,-0.066708,-0.092018,0.007831
220,1776361277.0813,0,7,0.502147,0.302624,0.000029,-0.085722,-0.094316,0.000029
220,1776361277.0813,0,8,0.487067,0.296787,-0.003947,-0.100802,-0.100153,-0.003947
220,1776361277.0813,0,9,0.556343,0.311924,0.008310,-0.031526,-0.085016,0.008310
220,1776361277.0813,0,10,0.530215,0.296477,-0.008269,-0.057655,-0.100463,-0.008269
220,1776361277.0813,0,11,0.537080,0.331532,-0.013459,-0.050790,-0.065407,-0.013459
220,1776361277.0813,0,12,0.547686,0.342003,-0.010722,-0.040184,-0.054937,-0.010722
220,1776361277.0813,0,13,0.570909,0.306238,-0.004701,-0.016960,-0.090702,-0.004701
220,1776361277.0813,0,14,0.546364,0.297127,-0.019370,-0.041505,-0.099813,-0.019370
220,1776361277.0813,0,15,0.553263,0.330997,-0.016630,-0.034606,-0.065943,-0.016630
220,1776361277.0813,0,16,0.565071,0.338177,-0.009841,-0.022798,-0.058763,-0.009841
220,1776361277.0813,0,17,0.588424,0.303078,-0.018860,0.000555,-0.093862,-0.018860
220,1776361277.0813,0,18,0.565753,0.292779,-0.024273,-0.022116,-0.104161,-0.024273
220,1776361277.0813,0,19,0.564931,0.318688,-0.020116,-0.022938,-0.078252,-0.020116
220,1776361277.0813,0,20,0.573681,0.327352,-0.014789,-0.014189,-0.069588,-0.014789
225,1776361277.8783,0,0,0.647369,0.443557,-0.000000,0.000000,0.000000,0.000000
225,1776361277.8783,0,1,0.613817,0.432976,-0.013462,-0.033551,-0.010581,-0.013462
225,1776361277.8783,0,2,0.579491,0.390729,-0.026000,-0.067877,-0.052827,-0.026000
225,1776361277.8783,0,3,0.551848,0.358778,-0.039808,-0.095521,-0.084778,-0.039808
225,1776361277.8783,0,4,0.521959,0.348511,-0.052865,-0.125410,-0.095046,-0.052865
225,1776361277.8783,0,5,0.595942,0.334278,-0.011014,-0.051427,-0.109279,-0.011014
225,1776361277.8783,0,6,0.563738,0.312606,-0.035051,-0.083631,-0.130951,-0.035051
225,1776361277.8783,0,7,0.537798,0.306924,-0.047810,-0.109571,-0.136632,-0.047810
225,1776361277.8783,0,8,0.516469,0.301314,-0.053922,-0.130899,-0.142243,-0.053922
225,1776361277.8783,0,9,0.616874,0.327659,-0.017771,-0.030495,-0.115898,-0.017771
225,1776361277.8783,0,10,0.585856,0.309989,-0.047538,-0.061513,-0.133568,-0.047538
225,1776361277.8783,0,11,0.596111,0.357134,-0.052047,-0.051258,-0.086422,-0.052047
225,1776361277.8783,0,12,0.609932,0.374377,-0.046795,-0.037437,-0.069180,-0.046795
225,1776361277.8783,0,13,0.638976,0.328421,-0.028085,-0.008393,-0.115136,-0.028085
225,1776361277.8783,0,14,0.609219,0.324628,-0.055044,-0.038150,-0.118928,-0.055044
225,1776361277.8783,0,15,0.617087,0.371152,-0.049504,-0.030282,-0.072405,-0.049504
225,1776361277.8783,0,16,0.629029,0.382960,-0.038500,-0.018340,-0.060597,-0.038500
225,1776361277.8783,0,17,0.663198,0.335964,-0.041386,0.015829,-0.107593,-0.041386
225,1776361277.8783,0,18,0.636270,0.329659,-0.054817,-0.011099,-0.113898,-0.054817
225,1776361277.8783,0,19,0.637318,0.363294,-0.050203,-0.010051,-0.080262,-0.050203
225,1776361277.8783,0,20,0.647198,0.373325,-0.042880,-0.000170,-0.070232,-0.042880
230,1776361278.6610,0,0,0.697580,0.549107,-0.000000,0.000000,0.000000,0.000000
230,1776361278.6610,0,1,0.652417,0.530507,-0.012636,-0.045163,-0.018600,-0.012636
230,1776361278.6610,0,2,0.608987,0.484631,-0.029188,-0.088594,-0.064475,-0.029188
230,1776361278.6610,0,3,0.573241,0.456449,-0.047911,-0.124339,-0.092657,-0.047911
230,1776361278.6610,0,4,0.536256,0.451587,-0.064572,-0.161325,-0.097520,-0.064572
230,1776361278.6610,0,5,0.633879,0.390164,-0.015073,-0.063701,-0.158943,-0.015073
230,1776361278.6610,0,6,0.588908,0.384086,-0.047739,-0.108672,-0.165021,-0.047739
230,1776361278.6610,0,7,0.556405,0.396293,-0.063587,-0.141175,-0.152814,-0.063587
230,1776361278.6610,0,8,0.531470,0.404316,-0.070480,-0.166110,-0.144790,-0.070480
230,1776361278.6610,0,9,0.659421,0.379851,-0.027516,-0.038159,-0.169255,-0.027516
230,1776361278.6610,0,10,0.610093,0.392722,-0.061794,-0.087488,-0.156384,-0.061794
230,1776361278.6610,0,11,0.621002,0.452448,-0.064144,-0.076578,-0.096658,-0.064144
230,1776361278.6610,0,12,0.638927,0.464300,-0.057849,-0.058653,-0.084807,-0.057849
230,1776361278.6610,0,13,0.686228,0.386286,-0.044868,-0.011352,-0.162820,-0.044868
230,1776361278.6610,0,14,0.641854,0.411178,-0.075628,-0.055727,-0.137929,-0.075628
230,1776361278.6610,0,15,0.652844,0.466041,-0.065052,-0.044736,-0.083066,-0.065052
230,1776361278.6610,0,16,0.669583,0.470272,-0.051186,-0.027997,-0.078835,-0.051186
230,1776361278.6610,0,17,0.713992,0.403368,-0.065732,0.016412,-0.145739,-0.065732
230,1776361278.6610,0,18,0.677994,0.419199,-0.081265,-0.019586,-0.129908,-0.081265
230,1776361278.6610,0,19,0.679209,0.459684,-0.073373,-0.018371,-0.089423,-0.073373
230,1776361278.6610,0,20,0.691918,0.464075,-0.063574,-0.005662,-0.085032,-0.063574
235,1776361279.4748,0,0,0.706787,0.550689,-0.000000,0.000000,0.000000,0.000000
235,1776361279.4748,0,1,0.658357,0.533498,-0.011857,-0.048431,-0.017192,-0.011857
235,1776361279.4748,0,2,0.614204,0.489144,-0.028586,-0.092583,-0.061546,-0.028586
235,1776361279.4748,0,3,0.578436,0.461220,-0.047827,-0.128351,-0.089470,-0.047827
235,1776361279.4748,0,4,0.542066,0.454055,-0.065060,-0.164721,-0.096635,-0.065060
235,1776361279.4748,0,5,0.639100,0.391316,-0.013716,-0.067687,-0.159374,-0.013716
235,1776361279.4748,0,6,0.594253,0.385718,-0.046992,-0.112534,-0.164971,-0.046992
235,1776361279.4748,0,7,0.562293,0.397107,-0.063913,-0.144494,-0.153583,-0.063913
235,1776361279.4748,0,8,0.538109,0.404478,-0.071723,-0.168678,-0.146212,-0.071723
235,1776361279.4748,0,9,0.664161,0.379892,-0.026770,-0.042626,-0.170798,-0.026770
235,1776361279.4748,0,10,0.615542,0.395563,-0.061799,-0.091245,-0.155127,-0.061799
235,1776361279.4748,0,11,0.627233,0.455364,-0.065463,-0.079554,-0.095325,-0.065463
235,1776361279.4748,0,12,0.646014,0.466164,-0.060352,-0.060773,-0.084526,-0.060352
235,1776361279.4748,0,13,0.690393,0.385775,-0.044770,-0.016394,-0.164914,-0.044770
235,1776361279.4748,0,14,0.646250,0.415297,-0.076118,-0.060537,-0.135393,-0.076118
235,1776361279.4748,0,15,0.658213,0.470010,-0.066866,-0.048574,-0.080679,-0.066866
235,1776361279.4748,0,16,0.675686,0.473309,-0.054134,-0.031101,-0.077381,-0.054134
235,1776361279.4748,0,17,0.717326,0.402995,-0.066233,0.010539,-0.147695,-0.066233
235,1776361279.4748,0,18,0.682118,0.424879,-0.081970,-0.024669,-0.125811,-0.081970
235,1776361279.4748,0,19,0.683835,0.466301,-0.074997,-0.022953,-0.084388,-0.074997
235,1776361279.4748,0,20,0.696684,0.470127,-0.066093,-0.010104,-0.080563,-0.066093
240,1776361280.2957,0,0,0.703940,0.546035,-0.000000,0.000000,0.000000,0.000000
240,1776361280.2957,0,1,0.656698,0.526357,-0.011286,-0.047241,-0.019679,-0.011286
240,1776361280.2957,0,2,0.614356,0.481761,-0.027424,-0.089584,-0.064275,-0.027424
240,1776361280.2957,0,3,0.580135,0.453874,-0.046138,-0.123805,-0.092162,-0.046138
240,1776361280.2957,0,4,0.545377,0.447694,-0.063144,-0.158563,-0.098342,-0.063144
240,1776361280.2957,0,5,0.639789,0.386566,-0.012801,-0.064151,-0.159470,-0.012801
240,1776361280.2957,0,6,0.596456,0.381697,-0.044721,-0.107483,-0.164338,-0.044721
240,1776361280.2957,0,7,0.565052,0.391498,-0.061644,-0.138888,-0.154538,-0.061644
240,1776361280.2957,0,8,0.540954,0.399146,-0.069531,-0.162986,-0.146890,-0.069531
240,1776361280.2957,0,9,0.665210,0.375963,-0.025373,-0.038729,-0.170073,-0.025373
240,1776361280.2957,0,10,0.617894,0.390612,-0.058392,-0.086046,-0.155423,-0.058392
240,1776361280.2957,0,11,0.628363,0.450164,-0.062545,-0.075576,-0.095872,-0.062545
240,1776361280.2957,0,12,0.646475,0.465756,-0.058288,-0.057465,-0.080279,-0.058288
240,1776361280.2957,0,13,0.692009,0.381968,-0.042628,-0.011931,-0.164068,-0.042628
240,1776361280.2957,0,14,0.648363,0.410738,-0.071933,-0.055577,-0.135298,-0.071933
240,1776361280.2957,0,15,0.659083,0.465529,-0.063706,-0.044857,-0.080506,-0.063706
240,1776361280.2957,0,16,0.675681,0.473262,-0.052233,-0.028259,-0.072773,-0.052233
240,1776361280.2957,0,17,0.719469,0.399279,-0.063302,0.015529,-0.146757,-0.063302
240,1776361280.2957,0,18,0.684117,0.419892,-0.077986,-0.019823,-0.126144,-0.077986
240,1776361280.2957,0,19,0.684722,0.460606,-0.071643,-0.019217,-0.085429,-0.071643
240,1776361280.2957,0,20,0.696475,0.467139,-0.063508,-0.007464,-0.078897,-0.063508
245,1776361281.0849,0,0,0.709081,0.545914,-0.000000,0.000000,0.000000,0.000000
245,1776361281.0849,0,1,0.661953,0.527356,-0.009532,-0.047128,-0.018559,-0.009532
245,1776361281.0849,0,2,0.618528,0.481561,-0.024908,-0.090553,-0.064353,-0.024908
245,1776361281.0849,0,3,0.583238,0.452928,-0.043104,-0.125843,-0.092987,-0.043104
245,1776361281.0849,0,4,0.546677,0.448305,-0.059440,-0.162404,-0.097609,-0.059440
245,1776361281.0849,0,5,0.642506,0.387473,-0.012178,-0.066576,-0.158441,-0.012178
245,1776361281.0849,0,6,0.597258,0.382112,-0.044650,-0.111823,-0.163802,-0.044650
245,1776361281.0849,0,7,0.565397,0.392496,-0.061169,-0.143684,-0.153418,-0.061169
245,1776361281.0849,0,8,0.541164,0.399014,-0.068774,-0.167917,-0.146900,-0.068774
245,1776361281.0849,0,9,0.666946,0.375709,-0.026145,-0.042135,-0.170205,-0.026145
245,1776361281.0849,0,10,0.619191,0.391559,-0.060155,-0.089891,-0.154355,-0.060155
245,1776361281.0849,0,11,0.630846,0.451601,-0.063104,-0.078235,-0.094313,-0.063104
245,1776361281.0849,0,12,0.649029,0.463908,-0.057663,-0.060053,-0.082007,-0.057663
245,1776361281.0849,0,13,0.693321,0.381294,-0.044808,-0.015760,-0.164620,-0.044808
245,1776361281.0849,0,14,0.649963,0.410128,-0.075271,-0.059118,-0.135787,-0.075271
245,1776361281.0849,0,15,0.661739,0.464921,-0.065283,-0.047343,-0.080994,-0.065283
245,1776361281.0849,0,16,0.679006,0.469340,-0.052280,-0.030076,-0.076575,-0.052280
245,1776361281.0849,0,17,0.720708,0.398085,-0.066813,0.011626,-0.147830,-0.066813
245,1776361281.0849,0,18,0.685941,0.418810,-0.082328,-0.023141,-0.127105,-0.082328
245,1776361281.0849,0,19,0.687264,0.459905,-0.075038,-0.021817,-0.086009,-0.075038
245,1776361281.0849,0,20,0.699658,0.463984,-0.065940,-0.009423,-0.081930,-0.065940
250,1776361281.8781,0,0,0.712076,0.546801,-0.000000,0.000000,0.000000,0.000000
250,1776361281.8781,0,1,0.663567,0.527698,-0.013236,-0.048510,-0.019103,-0.013236
250,1776361281.8781,0,2,0.620138,0.482012,-0.030396,-0.091938,-0.064789,-0.030396
250,1776361281.8781,0,3,0.584564,0.453870,-0.049758,-0.127512,-0.092932,-0.049758
250,1776361281.8781,0,4,0.548189,0.450516,-0.066927,-0.163888,-0.096285,-0.066927
250,1776361281.8781,0,5,0.644927,0.386000,-0.014918,-0.067149,-0.160801,-0.014918
250,1776361281.8781,0,6,0.599258,0.380709,-0.048291,-0.112818,-0.166093,-0.048291
250,1776361281.8781,0,7,0.567946,0.392162,-0.064975,-0.144131,-0.154639,-0.064975
250,1776361281.8781,0,8,0.544686,0.398766,-0.072480,-0.167391,-0.148035,-0.072480
250,1776361281.8781,0,9,0.670007,0.375064,-0.027350,-0.042069,-0.171737,-0.027350
250,1776361281.8781,0,10,0.621683,0.392411,-0.061872,-0.090393,-0.154390,-0.061872
250,1776361281.8781,0,11,0.633988,0.452254,-0.064761,-0.078089,-0.094548,-0.064761
250,1776361281.8781,0,12,0.652962,0.461396,-0.059071,-0.059115,-0.085405,-0.059071
250,1776361281.8781,0,13,0.696778,0.381289,-0.044890,-0.015299,-0.165512,-0.044890
250,1776361281.8781,0,14,0.652921,0.409053,-0.076122,-0.059155,-0.137748,-0.076122
250,1776361281.8781,0,15,0.663621,0.463945,-0.066089,-0.048455,-0.082856,-0.066089
250,1776361281.8781,0,16,0.680784,0.466680,-0.052761,-0.031293,-0.080121,-0.052761
250,1776361281.8781,0,17,0.724219,0.398560,-0.066046,0.012142,-0.148242,-0.066046
250,1776361281.8781,0,18,0.689436,0.416127,-0.081764,-0.022641,-0.130675,-0.081764
250,1776361281.8781,0,19,0.689398,0.457803,-0.074105,-0.022678,-0.088998,-0.074105
250,1776361281.8781,0,20,0.701753,0.462413,-0.064627,-0.010323,-0.084389,-0.064627
255,1776361282.6724,0,0,0.712308,0.544917,-0.000000,0.000000,0.000000,0.000000
255,1776361282.6724,0,1,0.664682,0.526929,-0.013849,-0.047625,-0.017989,-0.013849
255,1776361282.6724,0,2,0.620992,0.481874,-0.031167,-0.091315,-0.063044,-0.031167
255,1776361282.6724,0,3,0.585586,0.453946,-0.050513,-0.126722,-0.090972,-0.050513
255,1776361282.6724,0,4,0.549711,0.447840,-0.068158,-0.162597,-0.097077,-0.068158
255,1776361282.6724,0,5,0.644829,0.385976,-0.016514,-0.067478,-0.158942,-0.016514
255,1776361282.6724,0,6,0.601282,0.379136,-0.050016,-0.111025,-0.165781,-0.050016
255,1776361282.6724,0,7,0.569123,0.389696,-0.067521,-0.143185,-0.155222,-0.067521
255,1776361282.6724,0,8,0.544278,0.398413,-0.075615,-0.168029,-0.146504,-0.075614
255,1776361282.6724,0,9,0.669877,0.374322,-0.028259,-0.042430,-0.170596,-0.028259
255,1776361282.6724,0,10,0.623492,0.392549,-0.061851,-0.088815,-0.152368,-0.061851
255,1776361282.6724,0,11,0.635039,0.451357,-0.065705,-0.077268,-0.093560,-0.065705
255,1776361282.6724,0,12,0.653494,0.464076,-0.061336,-0.058813,-0.080841,-0.061336
255,1776361282.6724,0,13,0.696979,0.379942,-0.044976,-0.015328,-0.164976,-0.044976
255,1776361282.6724,0,14,0.654519,0.409734,-0.075250,-0.057788,-0.135183,-0.075250
255,1776361282.6724,0,15,0.664863,0.463360,-0.066686,-0.047445,-0.081558,-0.066686
255,1776361282.6724,0,16,0.681106,0.469681,-0.055021,-0.031202,-0.075236,-0.055021
255,1776361282.6724,0,17,0.724905,0.397060,-0.065346,0.012598,-0.147857,-0.065346
255,1776361282.6724,0,18,0.690722,0.416285,-0.081226,-0.021585,-0.128633,-0.081226
255,1776361282.6724,0,19,0.689696,0.456853,-0.074879,-0.022611,-0.088064,-0.074879
255,1776361282.6724,0,20,0.700196,0.463745,-0.066626,-0.012112,-0.081172,-0.066626
260,1776361283.4722,0,0,0.712235,0.545148,-0.000000,0.000000,0.000000,0.000000
260,1776361283.4722,0,1,0.663421,0.526338,-0.011038,-0.048814,-0.018810,-0.011038
260,1776361283.4722,0,2,0.619171,0.480416,-0.027103,-0.093064,-0.064732,-0.027103
260,1776361283.4722,0,3,0.583586,0.452317,-0.045755,-0.128649,-0.092831,-0.045755
260,1776361283.4722,0,4,0.547122,0.448425,-0.062401,-0.165114,-0.096723,-0.062401
260,1776361283.4722,0,5,0.644853,0.383720,-0.012263,-0.067382,-0.161428,-0.012263
260,1776361283.4722,0,6,0.599915,0.380054,-0.045145,-0.112320,-0.165094,-0.045145
260,1776361283.4722,0,7,0.567307,0.391106,-0.062322,-0.144928,-0.154042,-0.062322
260,1776361283.4722,0,8,0.542172,0.398616,-0.070296,-0.170063,-0.146532,-0.070296
260,1776361283.4722,0,9,0.669852,0.372907,-0.025528,-0.042383,-0.172241,-0.025528
260,1776361283.4722,0,10,0.620917,0.390367,-0.059675,-0.091319,-0.154781,-0.059675
260,1776361283.4722,0,11,0.632294,0.449099,-0.063520,-0.079942,-0.096049,-0.063520
260,1776361283.4722,0,12,0.650928,0.459809,-0.058728,-0.061308,-0.085339,-0.058728
260,1776361283.4722,0,13,0.696215,0.379206,-0.043714,-0.016020,-0.165942,-0.043714
260,1776361283.4722,0,14,0.651834,0.408977,-0.074173,-0.060402,-0.136171,-0.074173
260,1776361283.4722,0,15,0.663493,0.462822,-0.064849,-0.048742,-0.082326,-0.064849
260,1776361283.4722,0,16,0.681127,0.465987,-0.052267,-0.031108,-0.079161,-0.052267
260,1776361283.4722,0,17,0.723502,0.396274,-0.065376,0.011267,-0.148874,-0.065376
260,1776361283.4722,0,18,0.687765,0.417172,-0.080369,-0.024471,-0.127976,-0.080369
260,1776361283.4722,0,19,0.689475,0.457826,-0.073050,-0.022760,-0.087322,-0.073050
260,1776361283.4722,0,20,0.702892,0.461303,-0.064070,-0.009343,-0.083845,-0.064070
265,1776361284.2598,0,0,0.712092,0.542436,-0.000000,0.000000,0.000000,0.000000
265,1776361284.2598,0,1,0.662853,0.524638,-0.011928,-0.049239,-0.017798,-0.011928
265,1776361284.2598,0,2,0.618304,0.480344,-0.028242,-0.093787,-0.062092,-0.028242
265,1776361284.2598,0,3,0.582500,0.453472,-0.047002,-0.129592,-0.088965,-0.047002
265,1776361284.2598,0,4,0.545697,0.449778,-0.064018,-0.166395,-0.092658,-0.064018
265,1776361284.2598,0,5,0.641766,0.382539,-0.014395,-0.070325,-0.159898,-0.014395
265,1776361284.2598,0,6,0.598121,0.378454,-0.047247,-0.113971,-0.163982,-0.047247
265,1776361284.2598,0,7,0.567348,0.389295,-0.064002,-0.144744,-0.153141,-0.064002
265,1776361284.2598,0,8,0.543366,0.399547,-0.071669,-0.168726,-0.142889,-0.071669
265,1776361284.2598,0,9,0.667145,0.371024,-0.027394,-0.044947,-0.171413,-0.027394
265,1776361284.2598,0,10,0.620131,0.388352,-0.061308,-0.091961,-0.154085,-0.061308
265,1776361284.2598,0,11,0.630575,0.447722,-0.064437,-0.081516,-0.094714,-0.064437
265,1776361284.2598,0,12,0.646965,0.463796,-0.059313,-0.065127,-0.078640,-0.059313
265,1776361284.2598,0,13,0.694076,0.377521,-0.045392,-0.018016,-0.164915,-0.045392
265,1776361284.2598,0,14,0.651421,0.410789,-0.075657,-0.060670,-0.131647,-0.075657
265,1776361284.2598,0,15,0.662217,0.464820,-0.066718,-0.049874,-0.077616,-0.066718
265,1776361284.2598,0,16,0.677217,0.471271,-0.054543,-0.034875,-0.071166,-0.054543
265,1776361284.2598,0,17,0.721901,0.396198,-0.066971,0.009809,-0.146239,-0.066971
265,1776361284.2598,0,18,0.688007,0.421334,-0.082959,-0.024084,-0.121103,-0.082959
265,1776361284.2598,0,19,0.688866,0.460228,-0.076902,-0.023226,-0.082209,-0.076902
265,1776361284.2598,0,20,0.699444,0.463239,-0.068644,-0.012647,-0.079198,-0.068644
270,1776361285.0608,0,0,0.713239,0.542278,-0.000000,0.000000,0.000000,0.000000
270,1776361285.0608,0,1,0.665095,0.524881,-0.011798,-0.048144,-0.017396,-0.011798
270,1776361285.0608,0,2,0.620712,0.480270,-0.028277,-0.092527,-0.062008,-0.028277
270,1776361285.0608,0,3,0.584411,0.453947,-0.047160,-0.128828,-0.088330,-0.047160
270,1776361285.0608,0,4,0.547641,0.450435,-0.064169,-0.165598,-0.091843,-0.064169
270,1776361285.0608,0,5,0.643765,0.383214,-0.014549,-0.069475,-0.159063,-0.014549
270,1776361285.0608,0,6,0.599141,0.378314,-0.047037,-0.114099,-0.163964,-0.047037
270,1776361285.0608,0,7,0.567620,0.389566,-0.063543,-0.145620,-0.152711,-0.063543
270,1776361285.0608,0,8,0.543237,0.399560,-0.071104,-0.170002,-0.142717,-0.071104
270,1776361285.0608,0,9,0.668810,0.370990,-0.027335,-0.044430,-0.171288,-0.027335
270,1776361285.0608,0,10,0.620919,0.389462,-0.060140,-0.092320,-0.152816,-0.060140
270,1776361285.0608,0,11,0.632586,0.447822,-0.062901,-0.080654,-0.094455,-0.062901
270,1776361285.0608,0,12,0.650257,0.461722,-0.057804,-0.062982,-0.080555,-0.057804
270,1776361285.0608,0,13,0.695578,0.376484,-0.045038,-0.017662,-0.165793,-0.045038
270,1776361285.0608,0,14,0.651680,0.410547,-0.074346,-0.061560,-0.131730,-0.074346
270,1776361285.0608,0,15,0.664022,0.463716,-0.065268,-0.049217,-0.078562,-0.065268
270,1776361285.0608,0,16,0.680314,0.468712,-0.053246,-0.032925,-0.073566,-0.053246
270,1776361285.0608,0,17,0.723161,0.393725,-0.066260,0.009921,-0.148552,-0.066260
270,1776361285.0608,0,18,0.688254,0.419733,-0.081225,-0.024985,-0.122545,-0.081225
270,1776361285.0608,0,19,0.690385,0.459190,-0.074738,-0.022855,-0.083088,-0.074738
270,1776361285.0608,0,20,0.702278,0.462441,-0.066386,-0.010961,-0.079837,-0.066386
275,1776361285.8678,0,0,0.715176,0.542494,-0.000000,0.000000,0.000000,0.000000
275,1776361285.8678,0,1,0.665665,0.525759,-0.012176,-0.049511,-0.016735,-0.012176
275,1776361285.8678,0,2,0.621350,0.482233,-0.028531,-0.093826,-0.060262,-0.028531
275,1776361285.8678,0,3,0.586028,0.455315,-0.047149,-0.129148,-0.087180,-0.047148
275,1776361285.8678,0,4,0.549924,0.451080,-0.063803,-0.165252,-0.091415,-0.063803
275,1776361285.8678,0,5,0.644187,0.384120,-0.014547,-0.070989,-0.158374,-0.014547
275,1776361285.8678,0,6,0.600020,0.379844,-0.047256,-0.115156,-0.162650,-0.047256
275,1776361285.8678,0,7,0.568454,0.391087,-0.063756,-0.146722,-0.151408,-0.063756
275,1776361285.8678,0,8,0.544148,0.400433,-0.071295,-0.171029,-0.142061,-0.071295
275,1776361285.8678,0,9,0.669391,0.371819,-0.027034,-0.045785,-0.170676,-0.027034
275,1776361285.8678,0,10,0.622052,0.389840,-0.060339,-0.093124,-0.152654,-0.060339
275,1776361285.8678,0,11,0.633668,0.448145,-0.063017,-0.081508,-0.094349,-0.063017
275,1776361285.8678,0,12,0.651445,0.459881,-0.057729,-0.063731,-0.082613,-0.057729
275,1776361285.8678,0,13,0.696135,0.377613,-0.044517,-0.019041,-0.164882,-0.044517
275,1776361285.8678,0,14,0.652963,0.411087,-0.074228,-0.062213,-0.131407,-0.074228
275,1776361285.8678,0,15,0.664449,0.463798,-0.064914,-0.050727,-0.078697,-0.064914
275,1776361285.8678,0,16,0.680490,0.466895,-0.052615,-0.034686,-0.075599,-0.052615
275,1776361285.8678,0,17,0.723513,0.395172,-0.065554,0.008337,-0.147323,-0.065554
275,1776361285.8678,0,18,0.689231,0.422363,-0.080561,-0.025946,-0.120131,-0.080561
275,1776361285.8678,0,19,0.690868,0.460964,-0.074073,-0.024308,-0.081531,-0.074073
275,1776361285.8678,0,20,0.702700,0.461851,-0.065690,-0.012477,-0.080643,-0.065690
280,1776361286.6567,0,0,0.712534,0.540901,-0.000000,0.000000,0.000000,0.000000
280,1776361286.6567,0,1,0.664276,0.523277,-0.010479,-0.048258,-0.017624,-0.010479
280,1776361286.6567,0,2,0.620191,0.479330,-0.026323,-0.092342,-0.061570,-0.026323
280,1776361286.6567,0,3,0.584939,0.453416,-0.044603,-0.127595,-0.087485,-0.044603
280,1776361286.6567,0,4,0.549655,0.451081,-0.060967,-0.162879,-0.089820,-0.060967
280,1776361286.6567,0,5,0.642859,0.381723,-0.014323,-0.069675,-0.159177,-0.014323
280,1776361286.6567,0,6,0.599540,0.378148,-0.047040,-0.112994,-0.162753,-0.047039
280,1776361286.6567,0,7,0.568042,0.389013,-0.063736,-0.144492,-0.151888,-0.063736
280,1776361286.6567,0,8,0.543499,0.398624,-0.071461,-0.169035,-0.142277,-0.071461
280,1776361286.6567,0,9,0.668128,0.370013,-0.027556,-0.044406,-0.170888,-0.027556
280,1776361286.6567,0,10,0.622233,0.390328,-0.060859,-0.090301,-0.150573,-0.060859
280,1776361286.6567,0,11,0.633941,0.448001,-0.063463,-0.078593,-0.092900,-0.063463
280,1776361286.6567,0,12,0.651264,0.459390,-0.058247,-0.061270,-0.081511,-0.058247
280,1776361286.6567,0,13,0.695002,0.376500,-0.045525,-0.017532,-0.164401,-0.045525
280,1776361286.6567,0,14,0.653331,0.410347,-0.075163,-0.059203,-0.130554,-0.075163
280,1776361286.6567,0,15,0.664822,0.462577,-0.065363,-0.047712,-0.078324,-0.065363
280,1776361286.6567,0,16,0.680514,0.465884,-0.052847,-0.032020,-0.075017,-0.052847
280,1776361286.6567,0,17,0.722576,0.394441,-0.066903,0.010042,-0.146460,-0.066903
280,1776361286.6567,0,18,0.689528,0.421558,-0.081879,-0.023006,-0.119343,-0.081879
280,1776361286.6567,0,19,0.691173,0.459906,-0.074977,-0.021361,-0.080995,-0.074977
280,1776361286.6567,0,20,0.702617,0.460870,-0.066356,-0.009917,-0.080031,-0.066356
285,1776361287.4439,0,0,0.715601,0.540460,-0.000000,0.000000,0.000000,0.000000
285,1776361287.4439,0,1,0.666423,0.523119,-0.010763,-0.049178,-0.017341,-0.010763
285,1776361287.4439,0,2,0.622590,0.480127,-0.027220,-0.093011,-0.060334,-0.027220
285,1776361287.4439,0,3,0.587203,0.454113,-0.046138,-0.128398,-0.086348,-0.046138
285,1776361287.4439,0,4,0.551559,0.450140,-0.063054,-0.164042,-0.090320,-0.063054
285,1776361287.4439,0,5,0.646087,0.381123,-0.014581,-0.069513,-0.159337,-0.014581
285,1776361287.4439,0,6,0.600951,0.378650,-0.047395,-0.114650,-0.161811,-0.047395
285,1776361287.4439,0,7,0.569683,0.390273,-0.063836,-0.145918,-0.150187,-0.063836
285,1776361287.4439,0,8,0.545622,0.399034,-0.071396,-0.169979,-0.141427,-0.071396
285,1776361287.4439,0,9,0.671154,0.369462,-0.027998,-0.044446,-0.170998,-0.027998
285,1776361287.4439,0,10,0.623306,0.388367,-0.061838,-0.092295,-0.152094,-0.061838
285,1776361287.4439,0,11,0.635705,0.446979,-0.064041,-0.079896,-0.093481,-0.064041
285,1776361287.4439,0,12,0.653637,0.458126,-0.058354,-0.061964,-0.082334,-0.058354
285,1776361287.4439,0,13,0.697917,0.376111,-0.046217,-0.017684,-0.164350,-0.046217
285,1776361287.4439,0,14,0.654424,0.408372,-0.076399,-0.061177,-0.132088,-0.076399
285,1776361287.4439,0,15,0.666470,0.462002,-0.066103,-0.049131,-0.078459,-0.066103
285,1776361287.4439,0,16,0.682745,0.465413,-0.053107,-0.032855,-0.075048,-0.053107
285,1776361287.4439,0,17,0.725500,0.394717,-0.067823,0.009899,-0.145743,-0.067823
285,1776361287.4439,0,18,0.691477,0.420564,-0.083130,-0.024124,-0.119897,-0.083130
285,1776361287.4439,0,19,0.693270,0.460094,-0.075901,-0.022331,-0.080366,-0.075901
285,1776361287.4439,0,20,0.705045,0.461552,-0.066971,-0.010556,-0.078909,-0.066971
290,1776361288.2268,0,0,0.713695,0.540374,-0.000000,0.000000,0.000000,0.000000
290,1776361288.2268,0,1,0.665881,0.523384,-0.011940,-0.047814,-0.016990,-0.011940
290,1776361288.2268,0,2,0.621355,0.480361,-0.028646,-0.092340,-0.060013,-0.028646
290,1776361288.2268,0,3,0.585729,0.454155,-0.047639,-0.127966,-0.086219,-0.047639
290,1776361288.2268,0,4,0.548877,0.450325,-0.064936,-0.164818,-0.090049,-0.064936
290,1776361288.2268,0,5,0.644276,0.381943,-0.016503,-0.069419,-0.158431,-0.016503
290,1776361288.2268,0,6,0.601325,0.375532,-0.049307,-0.112370,-0.164842,-0.049307
290,1776361288.2268,0,7,0.570162,0.386216,-0.065832,-0.143533,-0.154158,-0.065832
290,1776361288.2268,0,8,0.545422,0.397359,-0.073447,-0.168272,-0.143015,-0.073447
290,1776361288.2268,0,9,0.669877,0.369751,-0.029417,-0.043818,-0.170623,-0.029417
290,1776361288.2268,0,10,0.623624,0.388313,-0.062554,-0.090070,-0.152061,-0.062554
290,1776361288.2268,0,11,0.634951,0.446215,-0.064900,-0.078744,-0.094159,-0.064900
290,1776361288.2268,0,12,0.651792,0.460542,-0.059579,-0.061903,-0.079831,-0.059579
290,1776361288.2268,0,13,0.697428,0.375781,-0.047170,-0.016267,-0.164593,-0.047170
290,1776361288.2268,0,14,0.655661,0.408089,-0.076705,-0.058033,-0.132285,-0.076705
290,1776361288.2268,0,15,0.667202,0.460493,-0.067121,-0.046492,-0.079881,-0.067121
290,1776361288.2268,0,16,0.682452,0.465723,-0.054896,-0.031242,-0.074651,-0.054896
290,1776361288.2268,0,17,0.726152,0.393635,-0.068442,0.012457,-0.146739,-0.068442
290,1776361288.2268,0,18,0.693720,0.417774,-0.084262,-0.019974,-0.122600,-0.084262
290,1776361288.2268,0,19,0.694772,0.455737,-0.077873,-0.018923,-0.084636,-0.077873
290,1776361288.2268,0,20,0.705014,0.457866,-0.069478,-0.008681,-0.082508,-0.069478
295,1776361289.0042,0,0,0.717715,0.537201,-0.000000,0.000000,0.000000,0.000000
295,1776361289.0042,0,1,0.668813,0.520090,-0.012579,-0.048902,-0.017111,-0.012579
295,1776361289.0042,0,2,0.624779,0.476713,-0.029408,-0.092936,-0.060488,-0.029408
295,1776361289.0042,0,3,0.589477,0.450002,-0.048436,-0.128239,-0.087199,-0.048436
295,1776361289.0042,0,4,0.552981,0.446961,-0.065490,-0.164734,-0.090240,-0.065490
295,1776361289.0042,0,5,0.646972,0.380003,-0.016872,-0.070743,-0.157198,-0.016872
295,1776361289.0042,0,6,0.602311,0.374220,-0.050338,-0.115404,-0.162981,-0.050338
295,1776361289.0042,0,7,0.571433,0.384949,-0.066713,-0.146283,-0.152252,-0.066713
295,1776361289.0042,0,8,0.547503,0.393535,-0.074096,-0.170213,-0.143666,-0.074096
295,1776361289.0042,0,9,0.671751,0.368229,-0.029799,-0.045964,-0.168972,-0.029799
295,1776361289.0042,0,10,0.625144,0.386768,-0.064746,-0.092571,-0.150433,-0.064746
295,1776361289.0042,0,11,0.637705,0.445971,-0.066777,-0.080011,-0.091230,-0.066777
295,1776361289.0042,0,12,0.654999,0.457371,-0.060417,-0.062716,-0.079830,-0.060417
295,1776361289.0042,0,13,0.698647,0.374844,-0.047707,-0.019068,-0.162357,-0.047707
295,1776361289.0042,0,14,0.657166,0.405105,-0.078909,-0.060549,-0.132096,-0.078908
295,1776361289.0042,0,15,0.669278,0.457798,-0.068541,-0.048438,-0.079403,-0.068541
295,1776361289.0042,0,16,0.685130,0.460036,-0.055044,-0.032585,-0.077165,-0.055044
295,1776361289.0042,0,17,0.726712,0.393427,-0.069128,0.008997,-0.143774,-0.069128
295,1776361289.0042,0,18,0.695387,0.414774,-0.085280,-0.022328,-0.122427,-0.085280
295,1776361289.0042,0,19,0.697994,0.451734,-0.078197,-0.019721,-0.085467,-0.078197
295,1776361289.0042,0,20,0.710126,0.450996,-0.069031,-0.007590,-0.086205,-0.069031
300,1776361289.7897,0,0,0.719191,0.537971,-0.000000,0.000000,0.000000,0.000000
300,1776361289.7897,0,1,0.669029,0.519770,-0.010167,-0.050162,-0.018201,-0.010167
300,1776361289.7897,0,2,0.624443,0.475512,-0.025370,-0.094748,-0.062459,-0.025370
300,1776361289.7897,0,3,0.589007,0.449076,-0.043247,-0.130184,-0.088895,-0.043247
300,1776361289.7897,0,4,0.553636,0.446550,-0.059063,-0.165555,-0.091421,-0.059063
300,1776361289.7897,0,5,0.648813,0.378070,-0.011540,-0.070378,-0.159901,-0.011540
300,1776361289.7897,0,6,0.604211,0.372309,-0.042683,-0.114980,-0.165663,-0.042683
300,1776361289.7897,0,7,0.573462,0.383686,-0.058245,-0.145729,-0.154285,-0.058245
300,1776361289.7897,0,8,0.549812,0.393404,-0.065405,-0.169379,-0.144568,-0.065405
300,1776361289.7897,0,9,0.673636,0.366171,-0.024948,-0.045555,-0.171800,-0.024948
300,1776361289.7897,0,10,0.626233,0.387155,-0.056702,-0.092958,-0.150816,-0.056702
300,1776361289.7897,0,11,0.639224,0.444732,-0.058795,-0.079966,-0.093239,-0.058795
300,1776361289.7897,0,12,0.657382,0.454665,-0.053327,-0.061809,-0.083306,-0.053327
300,1776361289.7897,0,13,0.700348,0.372554,-0.043220,-0.018843,-0.165417,-0.043220
300,1776361289.7897,0,14,0.657504,0.406039,-0.071746,-0.061686,-0.131932,-0.071746
300,1776361289.7897,0,15,0.669794,0.457561,-0.062113,-0.049397,-0.080410,-0.062113
300,1776361289.7897,0,16,0.686098,0.459067,-0.049859,-0.033093,-0.078904,-0.049859
300,1776361289.7897,0,17,0.727747,0.390483,-0.064871,0.008556,-0.147488,-0.064871
300,1776361289.7897,0,18,0.694211,0.416331,-0.078946,-0.024980,-0.121640,-0.078946
300,1776361289.7897,0,19,0.697195,0.453538,-0.071964,-0.021996,-0.084433,-0.071964
300,1776361289.7897,0,20,0.710120,0.452730,-0.063438,-0.009071,-0.085241,-0.063438
305,1776361290.7015,0,0,0.717829,0.509956,-0.000000,0.000000,0.000000,0.000000
305,1776361290.7015,0,1,0.670888,0.493358,-0.008579,-0.046942,-0.016598,-0.008579
305,1776361290.7015,0,2,0.625408,0.452723,-0.022707,-0.092422,-0.057233,-0.022707
305,1776361290.7015,0,3,0.589649,0.427195,-0.039837,-0.128181,-0.082761,-0.039837
305,1776361290.7015,0,4,0.555036,0.422718,-0.055443,-0.162793,-0.087237,-0.055443
305,1776361290.7015,0,5,0.643243,0.361273,-0.011106,-0.074586,-0.148683,-0.011106
305,1776361290.7015,0,6,0.600332,0.347315,-0.040149,-0.117498,-0.162641,-0.040149
305,1776361290.7015,0,7,0.570198,0.353788,-0.055364,-0.147632,-0.156167,-0.055364
305,1776361290.7015,0,8,0.546011,0.362432,-0.062494,-0.171818,-0.147524,-0.062494
305,1776361290.7015,0,9,0.668741,0.346272,-0.023630,-0.049089,-0.163684,-0.023630
305,1776361290.7015,0,10,0.627649,0.358428,-0.053048,-0.090181,-0.151528,-0.053048
305,1776361290.7015,0,11,0.639665,0.413161,-0.055550,-0.078164,-0.096795,-0.055550
305,1776361290.7015,0,12,0.656821,0.429683,-0.050617,-0.061009,-0.080273,-0.050617
305,1776361290.7015,0,13,0.696480,0.348463,-0.040416,-0.021350,-0.161493,-0.040416
305,1776361290.7015,0,14,0.660093,0.376103,-0.065871,-0.057736,-0.133852,-0.065871
305,1776361290.7015,0,15,0.671239,0.426204,-0.056757,-0.046590,-0.083752,-0.056757
305,1776361290.7015,0,16,0.686366,0.435295,-0.045296,-0.031463,-0.074661,-0.045296
305,1776361290.7015,0,17,0.724876,0.361826,-0.060436,0.007046,-0.148130,-0.060436
305,1776361290.7015,0,18,0.695257,0.384836,-0.072280,-0.022573,-0.125120,-0.072280
305,1776361290.7015,0,19,0.696480,0.423427,-0.065390,-0.021349,-0.086529,-0.065390
305,1776361290.7015,0,20,0.707133,0.430181,-0.057135,-0.010696,-0.079775,-0.057135
